Workbook

Sheet Daily Tracker
A1: Date | B1: Day | C1: Reading | D1: Technical | E1: 10K Steps | F1: Hyderation | G1: Daily Score | H1: NOTES
A2: =DATE(2026,3,23) -> 46104 | B2: 1 | C2: TRUE | D2: TRUE | E2: 10000 | F2: 4 | G2: =IF(C2=TRUE,1,0)+IF(D2=TRUE,1,0)+IF(E2>=10000,1,0)+IF(F2>=4,1,0) -> 4
A3: =A2+1 -> 46105 | B3: 2 | C3: TRUE | D3: TRUE | E3: 10000 | F3: 4.2 | G3: =IF(C3=TRUE,1,0)+IF(D3=TRUE,1,0)+IF(E3>=10000,1,0)+IF(F3>=4,1,0) -> 4
A4: =A3+1 -> 46106 | B4: 3 | C4: FALSE | D4: TRUE | E4: 9500 | F4: 3.5 | G4: =IF(C4=TRUE,1,0)+IF(D4=TRUE,1,0)+IF(E4>=10000,1,0)+IF(F4>=4,1,0) -> 1
A5: =A4+1 -> 46107 | B5: 4 | C5: TRUE | D5: FALSE | E5: 10000 | F5: 2.6 | G5: =IF(C5=TRUE,1,0)+IF(D5=TRUE,1,0)+IF(E5>=10000,1,0)+IF(F5>=4,1,0) -> 2
A6: =A5+1 -> 46108 | B6: 5 | C6: FALSE | D6: TRUE | E6: 10000 | F6: 4.9 | G6: =IF(C6=TRUE,1,0)+IF(D6=TRUE,1,0)+IF(E6>=10000,1,0)+IF(F6>=4,1,0) -> 3
A7: =A6+1 -> 46109 | B7: 6 | C7: TRUE | D7: TRUE | E7: 9999 | F7: 3.3 | G7: =IF(C7=TRUE,1,0)+IF(D7=TRUE,1,0)+IF(E7>=10000,1,0)+IF(F7>=4,1,0) -> 2
A8: =A7+1 -> 46110 | B8: 7 | C8: TRUE | D8: FALSE | E8: 10000 | F8: 3.98 | G8: =IF(C8=TRUE,1,0)+IF(D8=TRUE,1,0)+IF(E8>=10000,1,0)+IF(F8>=4,1,0) -> 2
A9: =A8+1 -> 46111 | B9: 8 | C9: TRUE | D9: TRUE | E9: 10000 | F9: 4 | G9: =IF(C9=TRUE,1,0)+IF(D9=TRUE,1,0)+IF(E9>=10000,1,0)+IF(F9>=4,1,0) -> 4
A10: =A9+1 -> 46112 | B10: 9 | C10: FALSE | D10: TRUE | E10: 10050 | F10: 3.8 | G10: =IF(C10=TRUE,1,0)+IF(D10=TRUE,1,0)+IF(E10>=10000,1,0)+IF(F10>=4,1,0) -> 2
A11: =A10+1 -> 46113 | B11: 10 | C11: TRUE | D11: FALSE | E11: 9993 | F11: 4 | G11: =IF(C11=TRUE,1,0)+IF(D11=TRUE,1,0)+IF(E11>=10000,1,0)+IF(F11>=4,1,0) -> 2
A12: =A11+1 -> 46114 | B12: 11 | C12: TRUE | D12: TRUE | E12: 10000 | F12: 4 | G12: =IF(C12=TRUE,1,0)+IF(D12=TRUE,1,0)+IF(E12>=10000,1,0)+IF(F12>=4,1,0) -> 4
A13: =A12+1 -> 46115 | B13: 12 | C13: TRUE | D13: TRUE | E13: 6000 | F13: 3.2 | G13: =IF(C13=TRUE,1,0)+IF(D13=TRUE,1,0)+IF(E13>=10000,1,0)+IF(F13>=4,1,0) -> 2
A14: =A13+1 -> 46116 | B14: 13 | C14: FALSE | D14: TRUE | E14: 9800 | F14: 3.3 | G14: =IF(C14=TRUE,1,0)+IF(D14=TRUE,1,0)+IF(E14>=10000,1,0)+IF(F14>=4,1,0) -> 1
... A67: =A66+1 -> 46169 | B67: 66 | C67: TRUE | D67: TRUE | E67: 10000 | F67: 4 | G67: =IF(C67=TRUE,1,0)+IF(D67=TRUE,1,0)+IF(E67>=10000,1,0)+IF(F67>=4,1,0) -> 4
A68: =A67+1 -> 46170 | B68: 67 | C68: =TRUE -> TRUE | D68: TRUE | E68: 10000 | F68: 4 | G68: =IF(C68=TRUE,1,0)+IF(D68=TRUE,1,0)+IF(E68>=10000,1,0)+IF(F68>=4,1,0) -> 4
A69: =A68+1 -> 46171 | B69: 68 | C69: TRUE | D69: TRUE | E69: 10000 | F69: 3.6 | G69: =IF(C69=TRUE,1,0)+IF(D69=TRUE,1,0)+IF(E69>=10000,1,0)+IF(F69>=4,1,0) -> 3
A70: =A69+1 -> 46172 | B70: 69 | C70: TRUE | D70: TRUE | E70: 10000 | F70: 4 | G70: =IF(C70=TRUE,1,0)+IF(D70=TRUE,1,0)+IF(E70>=10000,1,0)+IF(F70>=4,1,0) -> 4
A71: =A70+1 -> 46173 | B71: 70 | C71: TRUE | D71: TRUE | E71: 10000 | F71: 3 | G71: =IF(C71=TRUE,1,0)+IF(D71=TRUE,1,0)+IF(E71>=10000,1,0)+IF(F71>=4,1,0) -> 3
A72: =A71+1 -> 46174 | B72: 71 | C72: TRUE | D72: TRUE | E72: 10000 | F72: 4 | G72: =IF(C72=TRUE,1,0)+IF(D72=TRUE,1,0)+IF(E72>=10000,1,0)+IF(F72>=4,1,0) -> 4
A73: =A72+1 -> 46175 | B73: 72 | C73: TRUE | D73: TRUE | E73: 10000 | F73: 2.3 | G73: =IF(C73=TRUE,1,0)+IF(D73=TRUE,1,0)+IF(E73>=10000,1,0)+IF(F73>=4,1,0) -> 3
A74: =A73+1 -> 46176 | B74: 73 | C74: TRUE | D74: TRUE | E74: 10000 | F74: 4 | G74: =IF(C74=TRUE,1,0)+IF(D74=TRUE,1,0)+IF(E74>=10000,1,0)+IF(F74>=4,1,0) -> 4
A75: =A74+1 -> 46177 | B75: 74 | C75: TRUE | D75: TRUE | E75: 10000 | F75: 4 | G75: =IF(C75=TRUE,1,0)+IF(D75=TRUE,1,0)+IF(E75>=10000,1,0)+IF(F75>=4,1,0) -> 4
A76: =A75+1 -> 46178 | B76: 75 | C76: TRUE | D76: TRUE | E76: 10000 | F76: 4 | G76: =IF(C76=TRUE,1,0)+IF(D76=TRUE,1,0)+IF(E76>=10000,1,0)+IF(F76>=4,1,0) -> 4

Sheet Dashboard
A1: 75 DAYS CHALLENGE DASHBOARD Track • Analyze • Improve

Sheet KPI Formulas
C1: Reading | D1: =COUNTIF('Daily Tracker'!C:C,TRUE) -> 63 | G1: Score | H1: Count | M1: week | N1: avg score | Q1: Insight | R1: Value
A2: CURRENT DAY | C2: Teachinal | D2: =COUNTIF('Daily Tracker'!D2:D76,TRUE) -> 67 | G2: 0 | H2: =COUNTIF('Daily Tracker'!G2:G76,0) -> 0 | M2: week1 | N2: =AVERAGE('Daily Tracker'!G2:G8) -> 2.5714286 | Q2: Best Habit | R2: =INDEX(C1:C4,MATCH(MAX(D1:D4),D1:D4,0)) -> Teachinal
A3: =COUNTIF('Daily Tracker'!G2:G76,">0") -> 75 | C3: Steps | D3: =COUNTIF('Daily Tracker'!E2:E76,"=10000") -> 54 | G3: 1 | H3: =COUNTIF('Daily Tracker'!G2:G76,1) -> 4 | M3: week2 | N3: =AVERAGE('Daily Tracker'!G9:G15) -> 2.7142857 | Q3: Status | R3: =IF(A3<25,"Getting Started", IF(A3<50,"Building Momentum", IF(A3<75,"Almost There","Challenge Complete"))) -> Challenge Complete
C4: Hyderation | D4: =COUNTIF('Daily Tracker'!F2:F76,"=4") -> 45 | G4: 2 | H4: =COUNTIF('Daily Tracker'!G2:G76,2) -> 14 | M4: week3 | N4: =AVERAGE('Daily Tracker'!G16:G22) -> 3 | Q4: Performance | R4: =IF(A9>=3,"Outstanding", IF(A9>=2,"Good", IF(A9>=1,"Improving","Needs Focus"))) -> Outstanding
A5: CONSISTENT DAYS | G5: 3 | H5: =COUNTIF('Daily Tracker'!G2:G76,3) -> 24 | M5: week4 | N5: =AVERAGE('Daily Tracker'!G23:G30) -> 2.875 | Q5: Progress | R5: =IF(A12<25%,"Early Stage", IF(A12<50%,"On Track", IF(A12<75%,"Strong Progress","Near Finish"))) -> Near Finish
A6: =COUNTIF('Daily Tracker'!G2:G76,"=4") -> 33 | G6: 4 | H6: =COUNTIF('Daily Tracker'!G2:G76,4) -> 33 | M6: week5 | N6: =AVERAGE('Daily Tracker'!G32:G38) -> 3.1428571
M7: week6 | N7: =AVERAGE('Daily Tracker'!G39:G45) -> 2.2857143
A8: AVERAGE DAILY SCCORE | M8: week7 | N8: =AVERAGE('Daily Tracker'!G46:G52) -> 3.7142857
A9: =AVERAGE('Daily Tracker'!G2:G76) -> 3.1466667 | M9: week8 | N9: =AVERAGE('Daily Tracker'!G53:G60) -> 3.75
M10: week9 | N10: =AVERAGE('Daily Tracker'!G60:G66) -> 3.7142857
A11: COMPLETION% | M11: week10 | N11: =AVERAGE('Daily Tracker'!G67:G73) -> 3.5714286
A12: =SUM('Daily Tracker'!G2:G76)/300 -> 0.78666667 | M12: week11 | N12: =AVERAGE('Daily Tracker'!G74:G76) -> 4
A15: =TODAY() -> 46198
